adcModel,variant,rate_bps,distance_m,E_J_per_bit,ratio_to_digital,N,M,psShare,adcShare
envelope,abf_active,1000000,10,1.82384538547457e-08,1,1,16,0,0.000207526980070975
envelope,abf_active,1000000,56.2341325190349,1.84060773176654e-08,1,1,4,0,0.000163772681513248
envelope,abf_active,1000000,316.227766016838,1.96458263282676e-08,1,1,4,0,0.00017677159615093
envelope,abf_active,1000000,1778.27941003892,3.69106121592384e-08,1.26680161466428,1,4,0,0.000135860507239219
envelope,abf_active,1000000,10000,9.94051565877336e-08,1.59286262985471,4,4,0.459886645365012,6.79396488653387e-05
envelope,abf_passive_comp,1000000,10,1.82384538547457e-08,1,1,16,0,0.000207526987301044
envelope,abf_passive_comp,1000000,56.2341325190349,1.84060773176654e-08,1,1,4,0,0.000163772687950562
envelope,abf_passive_comp,1000000,316.227766016838,1.9226790365499e-08,0.978670484215484,4,16,0,5.80370519739015e-05
envelope,abf_passive_comp,1000000,1778.27941003892,2.02644935246489e-08,0.695493561760229,16,16,0,2.82801596562427e-05
envelope,abf_passive_comp,1000000,10000,2.42314668747128e-08,0.388283660287047,16,4,0,1.90638767777768e-05
envelope,abf_passive_pen,1000000,10,1.82384538547457e-08,1,1,16,0,0.000207526981029054
envelope,abf_passive_pen,1000000,56.2341325190349,1.8388798023159e-08,0.99906121797664,4,16,0,0.000121028568348368
envelope,abf_passive_pen,1000000,316.227766016838,1.86654438158804e-08,0.950097160791012,8,16,0,9.09480664798868e-05
envelope,abf_passive_pen,1000000,1778.27941003892,1.92274121778191e-08,0.659900103731564,16,4,0,4.4596497505744e-05
envelope,abf_passive_pen,1000000,10000,2.287143730582e-08,0.366490623083039,16,4,0,4.86364968391512e-05
envelope,abfray_active,1000000,10,1.82638264294662e-08,1.00139115820467,1,16,0,0.000225883995535521
envelope,abfray_active,1000000,56.2341325190349,1.84620372747547e-08,1.00304029783878,1,4,0,0.000196845481692434
envelope,abfray_active,1000000,316.227766016838,1.97326107380182e-08,1.00441744767059,1,4,0,0.000248755522852253
envelope,abfray_active,1000000,1778.27941003892,3.67558239087096e-08,1.26148915859189,1,4,0,0.000175003418492667
envelope,abfray_active,1000000,10000,1.41297589070099e-07,2.26414460822951,4,4,0.339773256015591,5.31558084617709e-06
envelope,abfray_passive_comp,1000000,10,1.82638264294662e-08,1.00139115820467,1,16,0,0.000225883975042268
envelope,abfray_passive_comp,1000000,56.2341325190349,1.84620372747547e-08,1.00304029783878,1,4,0,0.000196845481692434
envelope,abfray_passive_comp,1000000,316.227766016838,1.94141231206809e-08,0.988205983107298,4,4,0,3.81755820811242e-05
envelope,abfray_passive_comp,1000000,1778.27941003892,2.13724374990443e-08,0.733519081620657,16,4,0,1.8309278400309e-05
envelope,abfray_passive_comp,1000000,10000,4.23078567970648e-08,0.677938714193473,16,4,0,4.85718660960706e-06
envelope,abfray_passive_pen,1000000,10,1.82638264294662e-08,1.00139115820467,1,16,0,0.000225884008458566
envelope,abfray_passive_pen,1000000,56.2341325190349,1.84209178990124e-08,1.00080628702634,2,4,0,0.000128300274702266
envelope,abfray_passive_pen,1000000,316.227766016838,1.88386719527925e-08,0.958914714912566,8,4,0,6.26757498174286e-05
envelope,abfray_passive_pen,1000000,1778.27941003892,2.01807567321017e-08,0.692619648329915,16,4,0,4.12979342048276e-05
envelope,abfray_passive_pen,1000000,10000,4.26385192191892e-08,0.683237230219997,16,4,0,5.05761304867581e-06
envelope,dbf_ideal,1000000,10,1.82384538547457e-08,1,1,16,0,0.000207526987673425
envelope,dbf_ideal,1000000,56.2341325190349,1.84060773176654e-08,1,1,4,0,0.000163772669168947
envelope,dbf_ideal,1000000,316.227766016838,1.96458263282676e-08,1,1,4,0,0.000176771616419445
envelope,dbf_ideal,1000000,1778.27941003892,2.91368527889193e-08,1,2,4,0,0.000212840877807513
envelope,dbf_ideal,1000000,10000,6.24066097883161e-08,1,8,4,0,0.000277544455813836
envelope,dbf_ideal_lo12p5mW,1000000,10,1.82384538547457e-08,1,1,16,0,0.000207526981849047
envelope,dbf_ideal_lo12p5mW,1000000,56.2341325190349,1.84060773176654e-08,1,1,4,0,0.0001637726847271
envelope,dbf_ideal_lo12p5mW,1000000,316.227766016838,1.96458263282676e-08,1,1,4,0,0.000176771603391812
envelope,dbf_ideal_lo12p5mW,1000000,1778.27941003892,3.59477086446256e-08,1.23375399893212,2,4,0,0.000199126251543723
envelope,dbf_ideal_lo12p5mW,1000000,10000,8.99793365730167e-08,1.44182382087775,4,4,0,0.000175286197096387
envelope,dbf_ideal_lo17mW,1000000,10,1.82384538547457e-08,1,1,16,0,0.000207526983558859
envelope,dbf_ideal_lo17mW,1000000,56.2341325190349,1.84060773176654e-08,1,1,4,0,0.000163772682546694
envelope,dbf_ideal_lo17mW,1000000,316.227766016838,1.96458263282676e-08,1,1,4,0,0.000176771604395721
envelope,dbf_ideal_lo17mW,1000000,1778.27941003892,3.69106121592384e-08,1.26680161466428,1,4,0,0.000135860513880139
envelope,dbf_ideal_lo17mW,1000000,10000,9.77329045714614e-08,1.5660665577408,4,4,0,0.000174244432444081
envelope,dbf_ideal_lo4mW,1000000,10,1.82384538547457e-08,1,1,16,0,0.000207526977856171
envelope,dbf_ideal_lo4mW,1000000,56.2341325190349,1.84060773176654e-08,1,1,4,0,0.000163772680029244
envelope,dbf_ideal_lo4mW,1000000,316.227766016838,1.96458263282676e-08,1,1,4,0,0.000176771610495574
envelope,dbf_ideal_lo4mW,1000000,1778.27941003892,3.13224101933946e-08,1.07501007127669,2,4,0,0.000208015281030247
envelope,dbf_ideal_lo4mW,1000000,10000,7.51517920082819e-08,1.20422808198038,4,4,0,0.000176519429471124
envelope,abf_active,1000000000,10,3.79943162209153e-11,1,1,16,0,0.00912164126443474
envelope,abf_active,1000000000,56.2341325190349,7.11075201008879e-11,1.09429613140505,1,4,0,0.00287758022150399
envelope,abf_active,1000000000,316.227766016838,1.80004993713622e-10,1.19042815213611,4,4,0.438110843634097,0.00112176752218426
envelope,abf_active,1000000000,1778.27941003892,4.80872257656654e-10,1.1625796841211,16,4,0.635435243165298,0.000413312598383937
envelope,abf_active,1000000000,10000,2.6644001103045e-09,1.00903181858539,16,4,0.209723263307037,0.000105102447595161
envelope,abf_passive_comp,1000000000,10,3.79943162209153e-11,1,1,16,0,0.00912164127641495
envelope,abf_passive_comp,1000000000,56.2341325190349,6.07423406674395e-11,0.934783104664009,4,16,0,0.00211817156795864
envelope,abf_passive_comp,1000000000,316.227766016838,1.01083499961709e-10,0.668496143292058,16,16,0,0.00045169558439733
envelope,abf_passive_comp,1000000000,1778.27941003892,2.32182867383103e-10,0.561336363914992,16,4,0,0.000280501552124897
envelope,abf_passive_comp,1000000000,10000,2.28342345868196e-09,0.864752600858841,16,4,0,0.000134055003361594
envelope,abf_passive_pen,1000000000,10,3.50460070939049e-11,0.922401311031166,4,64,0,0.0143091891551009
envelope,abf_passive_pen,1000000000,56.2341325190349,4.2760946035642e-11,0.658061731806039,8,16,0,0.00624417206296503
envelope,abf_passive_pen,1000000000,316.227766016838,6.18813052725707e-11,0.409240023666199,16,4,0,0.0026494684350926
envelope,abf_passive_pen,1000000000,1778.27941003892,1.61339164842074e-10,0.390061252883477,16,4,0,0.00140438337855573
envelope,abf_passive_pen,1000000000,10000,2.22787202326012e-09,0.843714782367562,16,4,0,0.000137397631563715
envelope,abfray_active,1000000000,10,4.1921715823176e-11,1.10336808220011,1,16,0,0.0084778239773333
envelope,abfray_active,1000000000,56.2341325190349,8.45229149383352e-11,1.30074988835032,1,4,0,0.00261561928305338
envelope,abfray_active,1000000000,316.227766016838,2.38938853419448e-10,1.58017581557855,4,4,0.368158388432236,0.000894014455756003
envelope,abfray_active,1000000000,1778.27941003892,9.68521655545937e-10,2.34154410540564,16,4,0.369228794079678,0.00022245890332595
envelope,abfray_active,1000000000,10000,1.74769658900159e-08,6.6186811084249,16,4,0.0250036744591657,7.08093186198477e-06
envelope,abfray_passive_comp,1000000000,10,4.1921715823176e-11,1.10336808220011,1,16,0,0.00847782396576191
envelope,abfray_passive_comp,1000000000,56.2341325190349,6.82129506874551e-11,1.04975068660949,2,4,0,0.00290804105979776
envelope,abfray_passive_comp,1000000000,316.227766016838,1.42161610130423e-10,0.940158266506176,8,4,0,0.000698443898831427
envelope,abfray_passive_comp,1000000000,1778.27941003892,7.08846172469112e-10,1.7137402837408,16,4,0,9.54792439717564e-05
envelope,abfray_passive_comp,1000000000,10000,1.79174733703848e-08,6.78550517598817,16,4,0,3.1019929595538e-06
envelope,abfray_passive_pen,1000000000,10,3.63748796478081e-11,0.957376872801419,4,16,0,0.00940827471661232
envelope,abfray_passive_pen,1000000000,56.2341325190349,4.91557805867398e-11,0.756473864591897,8,16,0,0.00627736584064245
envelope,abfray_passive_pen,1000000000,316.227766016838,8.58403876462741e-11,0.567688773162454,16,4,0,0.00235170407520011
envelope,abfray_passive_pen,1000000000,1778.27941003892,6.6247666829384e-10,1.60163516089665,16,4,0,0.000250250802399059
envelope,abfray_passive_pen,1000000000,10000,1.85600722761564e-08,7.02886304855544,16,4,0,2.99459373963419e-06
envelope,dbf_ideal,1000000000,10,3.79943162209153e-11,1,1,16,0,0.0091216412593604
envelope,dbf_ideal,1000000000,56.2341325190349,6.49801439118567e-11,1,2,4,0,0.00592310744129648
envelope,dbf_ideal,1000000000,316.227766016838,1.51210296388422e-10,1,4,4,0,0.00534153455436309
envelope,dbf_ideal,1000000000,1778.27941003892,4.13625202835183e-10,1,16,4,0,0.00763465874290738
envelope,dbf_ideal,1000000000,10000,2.64055113151917e-09,1,16,4,0,0.00163894310675635
envelope,dbf_ideal_lo12p5mW,1000000000,10,3.79943162209153e-11,1,1,16,0,0.0091216412765178
envelope,dbf_ideal_lo12p5mW,1000000000,56.2341325190349,7.11075201008879e-11,1.09429613140505,1,4,0,0.00287758020734685
envelope,dbf_ideal_lo12p5mW,1000000000,316.227766016838,1.87784306149737e-10,1.24187512778473,4,4,0,0.00424924461662106
envelope,dbf_ideal_lo12p5mW,1000000000,1778.27941003892,5.88249254700398e-10,1.42217942878784,16,4,0,0.00531859766872135
envelope,dbf_ideal_lo12p5mW,1000000000,10000,2.94004663535878e-09,1.11342158849516,16,4,0,0.00140520056482245
envelope,dbf_ideal_lo17mW,1000000000,10,3.79943162209153e-11,1,1,16,0,0.00912164127662698
envelope,dbf_ideal_lo17mW,1000000000,56.2341325190349,7.11075201008879e-11,1.09429613140505,1,4,0,0.00287758020612223
envelope,dbf_ideal_lo17mW,1000000000,316.227766016838,2.00771635296994e-10,1.32776431296227,4,4,0,0.0039733957307513
envelope,dbf_ideal_lo17mW,1000000000,1778.27941003892,6.50385064905395e-10,1.5724019243686,16,4,0,0.00479164238542221
envelope,dbf_ideal_lo17mW,1000000000,10000,3.04292485937926e-09,1.15238247919425,16,4,0,0.00134744675355542
envelope,dbf_ideal_lo4mW,1000000000,10,3.79943162209153e-11,1,1,16,0,0.00912164125753637
envelope,dbf_ideal_lo4mW,1000000000,56.2341325190349,6.85469310459644e-11,1.05489041604688,2,4,0,0.00560437996953959
envelope,dbf_ideal_lo4mW,1000000000,316.227766016838,1.63023948066564e-10,1.07812729662136,4,4,0,0.00494158753618583
envelope,dbf_ideal_lo4mW,1000000000,1778.27941003892,4.70047850144177e-10,1.13641008072585,16,4,0,0.00670062217689898
envelope,dbf_ideal_lo4mW,1000000000,10000,2.73902253653232e-09,1.03729198947816,16,4,0,0.00156580922568673
quantile5,abf_active,1000000,10,1.82520737086663e-08,1,1,16,0,0.000909131323332117
quantile5,abf_active,1000000,56.2341325190349,1.84170149229437e-08,1,1,4,0,0.000729889306446909
quantile5,abf_active,1000000,316.227766016838,1.96585967722443e-08,1,1,4,0,0.000811995356949609
quantile5,abf_active,1000000,1778.27941003892,3.69292565924925e-08,1.26644296792045,1,4,0,0.000637890167475946
quantile5,abf_active,1000000,10000,9.94274657390246e-08,1.5915852425346,4,4,0.459707028769409,0.000277439522311559
quantile5,abf_passive_comp,1000000,10,1.82520737086663e-08,1,1,16,0,0.000909131323332117
quantile5,abf_passive_comp,1000000,56.2341325190349,1.84170149229437e-08,1,1,4,0,0.000729889306446909
quantile5,abf_passive_comp,1000000,316.227766016838,1.9230312831892e-08,0.978213910925881,8,16,0,0.000177514142295412
quantile5,abf_passive_comp,1000000,1778.27941003892,2.02666303386491e-08,0.695018904903795,16,16,0,0.000133594485038145
quantile5,abf_passive_comp,1000000,10000,2.42331900362331e-08,0.387912810152887,16,4,0,9.01372978801573e-05
quantile5,abf_passive_pen,1000000,10,1.82520737086663e-08,1,1,16,0,0.000909131323332117
quantile5,abf_passive_pen,1000000,56.2341325190349,1.8396976414067e-08,0.998911956744321,4,16,0,0.00055526841507065
quantile5,abf_passive_pen,1000000,316.227766016838,1.86717283288772e-08,0.949799649751172,8,16,0,0.000423454229531234
quantile5,abf_passive_pen,1000000,1778.27941003892,1.92306049757816e-08,0.659489702410791,16,4,0,0.000210079768339069
quantile5,abf_passive_pen,1000000,10000,2.28755831429899e-08,0.366180916652549,16,4,0,0.000229536212081736
quantile5,abfray_active,1000000,10,1.82785042301007e-08,1.00144808320722,1,16,0,0.000973236302256392
quantile5,abfray_active,1000000,56.2341325190349,1.84751077609211e-08,1.00315430259575,1,4,0,0.000866120204780843
quantile5,abfray_active,1000000,316.227766016838,1.97505275149604e-08,1.00467636341399,1,4,0,0.0011259607609305
quantile5,abfray_active,1000000,1778.27941003892,3.67797005614588e-08,1.2613141296689,1,4,0,0.000818913162836452
quantile5,abfray_active,1000000,10000,1.41300391374273e-07,2.26186613531865,4,4,0.339773091741842,2.51452393539093e-05
quantile5,abfray_passive_comp,1000000,10,1.82785042301007e-08,1.00144808320722,1,16,0,0.000973236342137873
quantile5,abfray_passive_comp,1000000,56.2341325190349,1.84751077609211e-08,1.00315430259575,1,4,0,0.000866120204780843
quantile5,abfray_passive_comp,1000000,316.227766016838,1.94168844403747e-08,0.987704497189194,4,4,0,0.000180055069754559
quantile5,abfray_passive_comp,1000000,1778.27941003892,2.13738972391681e-08,0.732991247408473,16,4,0,8.65757287974011e-05
quantile5,abfray_passive_comp,1000000,10000,4.2308623538543e-08,0.677255327342284,16,4,0,2.29782611931207e-05
quantile5,abfray_passive_pen,1000000,10,1.82785042301007e-08,1.00144808320722,1,16,0,0.000973236251601393
quantile5,abfray_passive_pen,1000000,56.2341325190349,1.8429618099532e-08,1.00068432243993,2,4,0,0.000590691816550374
quantile5,abfray_passive_pen,1000000,316.227766016838,1.8843058667802e-08,0.95851493807565,8,4,0,0.000293927231446865
quantile5,abfray_passive_pen,1000000,1778.27941003892,2.01838634540903e-08,0.6921805174409,16,4,0,0.000194979623754505
quantile5,abfray_passive_pen,1000000,10000,4.26393238345154e-08,0.682549012611836,16,4,0,2.39261401103493e-05
quantile5,dbf_ideal_lo12p5mW,1000000,10,1.82520737086663e-08,1,1,16,0,0.000909131323332117
quantile5,dbf_ideal_lo12p5mW,1000000,56.2341325190349,1.84170149229437e-08,1,1,4,0,0.000729889306446909
quantile5,dbf_ideal_lo12p5mW,1000000,316.227766016838,1.96585967722443e-08,1,1,4,0,0.000811995349093734
quantile5,dbf_ideal_lo12p5mW,1000000,1778.27941003892,3.59742023789407e-08,1.23369057038149,2,4,0,0.000926380072822278
quantile5,dbf_ideal_lo12p5mW,1000000,10000,9.00379304663807e-08,1.4412822486574,4,4,0,0.000821589882741903
quantile5,dbf_ideal_lo17mW,1000000,10,1.82520737086663e-08,1,1,16,0,0.000909131323332117
quantile5,dbf_ideal_lo17mW,1000000,56.2341325190349,1.84170149229437e-08,1,1,4,0,0.000729889273229125
quantile5,dbf_ideal_lo17mW,1000000,316.227766016838,1.96585967722443e-08,1,1,4,0,0.000811995337571422
quantile5,dbf_ideal_lo17mW,1000000,1778.27941003892,3.69292565924925e-08,1.26644296792045,1,4,0,0.000637890156744828
quantile5,dbf_ideal_lo17mW,1000000,10000,9.77961498473818e-08,1.56547195200916,4,4,0,0.000816211904996241
quantile5,dbf_ideal_lo4mW,1000000,10,1.82520737086663e-08,1,1,16,0,0.000909131323332117
quantile5,dbf_ideal_lo4mW,1000000,56.2341325190349,1.84170149229437e-08,1,1,4,0,0.000729889306446909
quantile5,dbf_ideal_lo4mW,1000000,316.227766016838,1.96585967722443e-08,1,1,4,0,0.000811995381556574
quantile5,dbf_ideal_lo4mW,1000000,1778.27941003892,3.13465398536171e-08,1.07499063423665,2,4,0,0.000968835705477709
quantile5,dbf_ideal_lo4mW,1000000,10000,7.52011038531225e-08,1.20378173400395,4,4,0,0.000828341750552288
quantile5,dbf_ideal,1000000,10,1.82520737086663e-08,1,1,16,0,0.000909131323332117
quantile5,dbf_ideal,1000000,56.2341325190349,1.84170149229437e-08,1,1,4,0,0.000729889294869558
quantile5,dbf_ideal,1000000,316.227766016838,1.96585967722443e-08,1,1,4,0,0.000811995304706217
quantile5,dbf_ideal,1000000,1778.27941003892,2.91598260071133e-08,1,2,4,0,0.000991850164435288
quantile5,dbf_ideal,1000000,10000,6.24707135262743e-08,1,8,4,0,0.00129067493051874
quantile5,abf_active,1000000000,10,3.92873352278691e-11,1,1,16,0,0.0417272643236026
quantile5,abf_active,1000000000,56.2341325190349,7.18708445116966e-11,1.08213124876233,1,4,0,0.0134640869976997
quantile5,abf_active,1000000000,316.227766016838,1.80758440563557e-10,1.1720506688941,4,4,0.43628468694055,0.00528534436740726
quantile5,abf_active,1000000000,1778.27941003892,4.81613843652534e-10,1.13212123708763,16,4,0.634385471183619,0.00195240434606959
quantile5,abf_active,1000000000,10000,2.66544498013824e-09,1.00329485124965,16,4,0.209618011109422,0.00049704583324264
quantile5,abf_passive_comp,1000000000,10,3.92873352278691e-11,1,1,16,0,0.0417272643290678
quantile5,abf_passive_comp,1000000000,56.2341325190349,6.12087998143153e-11,0.921597004019184,4,16,0,0.009397443301369
quantile5,abf_passive_comp,1000000000,316.227766016838,1.0125324894658e-10,0.656533314768291,16,16,0,0.0021180784044116
quantile5,abf_passive_comp,1000000000,1778.27941003892,2.32425020711083e-10,0.546357430222435,16,4,0,0.00131641728547096
quantile5,abf_passive_comp,1000000000,10000,2.28456563906449e-09,0.85992881492395,16,4,0,0.000633943138051599
quantile5,abf_passive_pen,1000000000,10,3.63717828100546e-11,0.925789000427131,2,16,0,0.0446075066718008
quantile5,abf_passive_pen,1000000000,56.2341325190349,4.36639348959788e-11,0.657430822135013,8,16,0,0.0239791353306269
quantile5,abf_passive_pen,1000000000,316.227766016838,6.24729557461106e-11,0.405079117421765,16,4,0,0.0116393937544243
quantile5,abf_passive_pen,1000000000,1778.27941003892,1.62184428669732e-10,0.381244099275511,16,4,0,0.00660699777016985
quantile5,abf_passive_pen,1000000000,10000,2.22901420362489e-09,0.839018809438414,16,4,0,0.000649742252873598
quantile5,abfray_active,1000000000,10,4.32476663400657e-11,1.10080426909146,1,16,0,0.0388707431370081
quantile5,abfray_active,1000000000,56.2341325190349,8.53476109020755e-11,1.28504565922157,1,4,0,0.0122490317064227
quantile5,abfray_active,1000000000,316.227766016838,2.39735843956353e-10,1.55446437461457,4,4,0.366795986689086,0.00421498597521918
quantile5,abfray_active,1000000000,1778.27941003892,9.69325596837609e-10,2.27857672343867,16,4,0.368922562321487,0.00105165648906026
quantile5,abfray_active,1000000000,10000,1.74774272311287e-08,6.57864367291212,16,4,0.0250215637769362,3.34395848290519e-05
quantile5,abfray_passive_comp,1000000000,10,4.32476663400657e-11,1.10080426909146,1,16,0,0.0388707430964975
quantile5,abfray_passive_comp,1000000000,56.2341325190349,6.89529995538942e-11,1.03819839630548,2,4,0,0.013606753100896
quantile5,abfray_passive_comp,1000000000,316.227766016838,1.42528613153239e-10,0.924165731138097,8,4,0,0.00323460651207548
quantile5,abfray_passive_comp,1000000000,1778.27941003892,7.09098043004911e-10,1.66686436497517,16,4,0,0.000449206648046741
quantile5,abfray_passive_comp,1000000000,10000,1.79176807579946e-08,6.74435862859138,16,4,0,1.46764236807139e-05
quantile5,abfray_passive_pen,1000000000,10,3.76165303734187e-11,0.957472176599414,4,16,0,0.0379845955889779
quantile5,abfray_passive_pen,1000000000,56.2341325190349,5.00899737133684e-11,0.75418518000158,4,4,0,0.0182275850673108
quantile5,abfray_passive_pen,1000000000,316.227766016838,8.6591107137295e-11,0.56146293763174,16,4,0,0.0108058937336428
quantile5,abfray_passive_pen,1000000000,1778.27941003892,6.6308562297271e-10,1.55870377413088,16,4,0,0.00114666487618157
quantile5,abfray_passive_pen,1000000000,10000,1.85602796637717e-08,6.9862380064772,16,4,0,1.41682926644986e-05
quantile5,dbf_ideal_lo12p5mW,1000000000,10,3.92873352278691e-11,1,1,16,0,0.0417272642931828
quantile5,dbf_ideal_lo12p5mW,1000000000,56.2341325190349,7.18708445116966e-11,1.08213124876233,1,4,0,0.0134640869715957
quantile5,dbf_ideal_lo12p5mW,1000000000,316.227766016838,1.90761699627414e-10,1.23691251678547,4,4,0,0.0197908434290868
quantile5,dbf_ideal_lo12p5mW,1000000000,1778.27941003892,5.99923363337513e-10,1.4102293553452,16,4,0,0.0246744345302172
quantile5,dbf_ideal_lo12p5mW,1000000000,10000,2.95545665094397e-09,1.11245756827808,16,4,0,0.0066091164316614
quantile5,dbf_ideal_lo17mW,1000000000,10,3.92873352278691e-11,1,1,16,0,0.041727264307021
quantile5,dbf_ideal_lo17mW,1000000000,56.2341325190349,7.18708445116966e-11,1.08213124876233,1,4,0,0.0134640870067279
quantile5,dbf_ideal_lo17mW,1000000000,316.227766016838,2.03747591667848e-10,1.32111397042008,4,4,0,0.0185161572620714
quantile5,dbf_ideal_lo17mW,1000000000,1778.27941003892,6.62011083083693e-10,1.5561778720114,16,4,0,0.0222636391279662
quantile5,dbf_ideal_lo17mW,1000000000,10000,3.05819710051603e-09,1.15112989685317,16,4,0,0.00622756421258163
quantile5,dbf_ideal_lo4mW,1000000000,10,3.92873352278691e-11,1,1,16,0,0.0417272643182419
quantile5,dbf_ideal_lo4mW,1000000000,56.2341325190349,6.99801265751398e-11,1.05366344689295,2,4,0,0.0259641981820773
quantile5,dbf_ideal_lo4mW,1000000000,316.227766016838,1.66028952397019e-10,1.07654361315587,4,4,0,0.0229426256478335
quantile5,dbf_ideal_lo4mW,1000000000,1778.27941003892,4.81796449804326e-10,1.13255048617419,16,4,0,0.0309105087575561
quantile5,dbf_ideal_lo4mW,1000000000,10000,2.75501839316915e-09,1.03701100175076,16,4,0,0.00735886061496823
quantile5,dbf_ideal,1000000000,10,3.92873352278691e-11,1,1,16,0,0.0417272642978025
quantile5,dbf_ideal,1000000000,56.2341325190349,6.64160143179471e-11,1,2,4,0,0.0274082793486252
quantile5,dbf_ideal,1000000000,316.227766016838,1.54224083788215e-10,1,4,4,0,0.0247787656048356
quantile5,dbf_ideal,1000000000,1778.27941003892,4.25408364294519e-10,1,16,4,0,0.0351216618768874
quantile5,dbf_ideal,1000000000,10000,2.65669157657722e-09,1,16,4,0,0.0076999163953943
